Contract,AvgMonthlyCharges
Month-to-month,66.39849032258037
One year,65.04860828241674
Two year,60.770412979351
