SeniorCitizen,AvgTotalCharges
1,2810.4651926444826
0,2179.6288213862117
