Contract,TotalChurnedCustomers,TotalCustomers,ChurnRate
Month-to-month,1655,3875,0.4270967741935484
One year,166,1473,0.11269517990495587
Two year,48,1695,0.02831858407079646
