InternetService,TotalChurnedCustomers,TotalCustomers,ChurnRate
Fiber optic,1297,3096,0.4189276485788114
DSL,459,2421,0.1895910780669145
No,113,1526,0.07404980340760157
